{"name":"9d9a3637-98a5-401c-b249-9a83a8f25d0c","id":"/providers/Microsoft.Flow/flows/9d9a3637-98a5-401c-b249-9a83a8f25d0c","type":"Microsoft.Flow/flows","properties":{"apiId":"/providers/Microsoft.PowerApps/apis/shared_logicflows","displayName":"Add comment in SharePoint list","definition":{"metadata":{"workflowEntityId":null,"processAdvisorMetadata":null,"flowChargedByPaygo":null,"flowclientsuspensionreason":"None","flowclientsuspensiontime":null,"flowclientsuspensionreasondetails":null,"creator":{"id":"bec54ae5-ef72-434f-8775-861913144f00","type":"User","tenantId":"a91a37b1-90bd-49d0-92e0-21de75792d29"},"provisioningMethod":"FromDefinition","failureAlertSubscription":false,"clientLastModifiedTime":"2024-07-15T16:10:53.5981354Z","connectionKeySavedTimeKey":"2024-07-15T16:10:53.5981354Z"},"$schema":"https://schema.management.azure.com/providers/Microsoft.Logic/schemas/2016-06-01/workflowdefinition.json#","contentVersion":"undefined","parameters":{"$authentication":{"defaultValue":{},"type":"SecureObject"},"$connections":{"defaultValue":{},"type":"Object"}},"triggers":{"manual":{"type":"Request","kind":"PowerAppV2","inputs":{"schema":{"type":"object","properties":{"number":{"description":"Please enter a number","title":"Item ID","type":"number","x-ms-content-hint":"NUMBER","x-ms-dynamically-added":true},"text":{"description":"Please enter your input","title":"Comment Text","type":"string","x-ms-content-hint":"TEXT","x-ms-dynamically-added":true}},"required":["number","text"]}}}},"actions":{"Send_an_HTTP_request_to_SharePoint":{"runAfter":{},"type":"OpenApiConnection","inputs":{"parameters":{"dataset":"https://fe27.sharepoint.com/sites/PowerAppsTraining","parameters/method":"POST","parameters/uri":"_api/web/lists/GetByTitle('IT Helpdesk')/Items(@{triggerBody()?['number']})/Comments()","parameters/body":"{\"text\":\"@{triggerBody()?['text']}\"}"},"host":{"apiId":"/providers/Microsoft.PowerApps/apis/shared_sharepointonline","connectionName":"shared_sharepointonline","operationId":"HttpRequest"},"authentication":{"value":"@json(decodeBase64(triggerOutputs().headers['X-MS-APIM-Tokens']))['$ConnectionKey']","type":"Raw"}}}}},"connectionReferences":{"shared_sharepointonline":{"connectionName":"shared-sharepointonl-18e6a980-2436-4172-8bc0-d08eeba91c03","source":"Invoker","id":"/providers/Microsoft.PowerApps/apis/shared_sharepointonline","tier":"NotSpecified"}},"flowFailureAlertSubscribed":false,"isManaged":false}}