{"name":"2f10eab8-6f44-47fc-ae69-5ae5eb925524","id":"/providers/Microsoft.Flow/flows/2f10eab8-6f44-47fc-ae69-5ae5eb925524","type":"Microsoft.Flow/flows","properties":{"apiId":"/providers/Microsoft.PowerApps/apis/shared_logicflows","displayName":"Get list item comments","definition":{"metadata":{"workflowEntityId":null,"processAdvisorMetadata":null,"flowChargedByPaygo":null,"flowclientsuspensionreason":"None","flowclientsuspensiontime":null,"flowclientsuspensionreasondetails":null,"creator":{"id":"bec54ae5-ef72-434f-8775-861913144f00","type":"User","tenantId":"a91a37b1-90bd-49d0-92e0-21de75792d29"},"provisioningMethod":"FromDefinition","failureAlertSubscription":true,"clientLastModifiedTime":"2024-07-16T11:24:29.4595431Z","connectionKeySavedTimeKey":"2024-07-16T11:24:29.4595431Z"},"$schema":"https://schema.management.azure.com/providers/Microsoft.Logic/schemas/2016-06-01/workflowdefinition.json#","contentVersion":"undefined","parameters":{"$authentication":{"defaultValue":{},"type":"SecureObject"},"$connections":{"defaultValue":{},"type":"Object"}},"triggers":{"manual":{"type":"Request","kind":"PowerAppV2","inputs":{"schema":{"type":"object","properties":{"number":{"description":"Please enter a number","title":"Item ID","type":"number","x-ms-content-hint":"NUMBER","x-ms-dynamically-added":true}},"required":["number"]}}}},"actions":{"Send_an_HTTP_request_to_SharePoint":{"runAfter":{"varCommentArray":["Succeeded"]},"type":"OpenApiConnection","inputs":{"parameters":{"dataset":"https://fe27.sharepoint.com/sites/PowerAppsTraining","parameters/method":"GET","parameters/uri":"_api/web/lists/getbytitle('IT Helpdesk')/items(@{triggerBody()?['number']})/Comments\n","parameters/headers":{"Accept":"application/json;odata=verbose","Content-Type":"application/json;odata=verbose"}},"host":{"apiId":"/providers/Microsoft.PowerApps/apis/shared_sharepointonline","connectionName":"shared_sharepointonline","operationId":"HttpRequest"},"authentication":{"value":"@json(decodeBase64(triggerOutputs().headers['X-MS-APIM-Tokens']))['$ConnectionKey']","type":"Raw"}}},"Respond_to_a_Power_App_or_flow":{"runAfter":{"Apply_to_each":["Succeeded"]},"type":"Response","kind":"PowerApp","inputs":{"schema":{"type":"object","properties":{"comments1":{"title":"Comments1","type":"string","x-ms-content-hint":"TEXT","x-ms-dynamically-added":true}},"additionalProperties":{}},"statusCode":200,"body":{"comments1":"@string(variables('varCommentArray'))"}}},"Comments_aray":{"runAfter":{"Send_an_HTTP_request_to_SharePoint":["Succeeded"]},"type":"Compose","inputs":"@outputs('Send_an_HTTP_request_to_SharePoint')?['body/d/results']","description":"outputs('Send_an_HTTP_request_to_SharePoint')?['body/d/results']"},"varCommentArray":{"runAfter":{},"type":"InitializeVariable","inputs":{"variables":[{"name":"varCommentArray","type":"array"}]}},"Apply_to_each":{"foreach":"@outputs('Comments_aray')","actions":{"Append_to_array_variable":{"type":"AppendToArrayVariable","inputs":{"name":"varCommentArray","value":{"commentBy":"@{items('Apply_to_each')?['author']?['email']}","commentText":"@{items('Apply_to_each')?['text']}","createdDate":"@{item()?['createdDate']}"}}}},"runAfter":{"Comments_aray":["Succeeded"]},"type":"Foreach"}}},"connectionReferences":{"shared_sharepointonline":{"connectionName":"shared-sharepointonl-18e6a980-2436-4172-8bc0-d08eeba91c03","source":"Invoker","id":"/providers/Microsoft.PowerApps/apis/shared_sharepointonline","tier":"NotSpecified"}},"flowFailureAlertSubscribed":false,"isManaged":false}}